{
  "overall_accuracy": 0.5549132947976878,
  "macro_precision": 0.7318087318087318,
  "macro_recall": 0.5336012054244098,
  "macro_f1": 0.4176102828662615,
  "weighted_precision": 0.7229639599581796,
  "weighted_recall": 0.5549132947976878,
  "weighted_f1": 0.43068676019306407,
  "per_class": {
    "Kidney_stone": {
      "precision": 0.9230769230769231,
      "recall": 0.07272727272727272,
      "f1_score": 0.1348314606741573,
      "support": 165
    },
    "Normal": {
      "precision": 0.5405405405405406,
      "recall": 0.994475138121547,
      "f1_score": 0.7003891050583657,
      "support": 181
    }
  },
  "confusion_matrix": [
    [
      12,
      153
    ],
    [
      1,
      180
    ]
  ],
  "specificity": 0.07272727272727272,
  "specificity_for_positive_class_index": 0,
  "roc_curve": {
    "fpr": [
      0.0,
      0.0,
      0.0,
      0.0055248618784530384,
      0.0055248618784530384,
      0.011049723756906077,
      0.011049723756906077,
      0.016574585635359115,
      0.016574585635359115,
      0.022099447513812154,
      0.022099447513812154,
      0.049723756906077346,
      0.049723756906077346,
      0.055248618784530384,
      0.055248618784530384,
      0.06077348066298342,
      0.06077348066298342,
      0.06629834254143646,
      0.06629834254143646,
      0.0718232044198895,
      0.0718232044198895,
      0.08287292817679558,
      0.08287292817679558,
      0.08839779005524862,
      0.08839779005524862,
      0.09944751381215469,
      0.09944751381215469,
      0.12154696132596685,
      0.12154696132596685,
      0.1270718232044199,
      0.1270718232044199,
      0.13812154696132597,
      0.13812154696132597,
      0.15469613259668508,
      0.15469613259668508,
      0.1712707182320442,
      0.1712707182320442,
      0.17679558011049723,
      0.17679558011049723,
      0.18232044198895028,
      0.18232044198895028,
      0.19337016574585636,
      0.19337016574585636,
      0.2154696132596685,
      0.2154696132596685,
      0.2430939226519337,
      0.2430939226519337,
      0.2541436464088398,
      0.2541436464088398,
      0.2596685082872928,
      0.2596685082872928,
      0.281767955801105,
      0.281767955801105,
      0.2983425414364641,
      0.2983425414364641,
      0.30386740331491713,
      0.30386740331491713,
      0.3149171270718232,
      0.3149171270718232,
      0.32044198895027626,
      0.32044198895027626,
      0.3370165745856354,
      0.3370165745856354,
      0.3701657458563536,
      0.3701657458563536,
      0.3756906077348066,
      0.3756906077348066,
      0.3812154696132597,
      0.3812154696132597,
      0.39226519337016574,
      0.39226519337016574,
      0.4088397790055249,
      0.4088397790055249,
      0.4198895027624309,
      0.4198895027624309,
      0.430939226519337,
      0.430939226519337,
      0.4530386740331492,
      0.4530386740331492,
      0.4696132596685083,
      0.4696132596685083,
      0.48066298342541436,
      0.48066298342541436,
      0.4972375690607735,
      0.4972375690607735,
      0.5193370165745856,
      0.5193370165745856,
      0.5303867403314917,
      0.5303867403314917,
      0.569060773480663,
      0.569060773480663,
      0.580110497237569,
      0.580110497237569,
      0.585635359116022,
      0.585635359116022,
      0.5911602209944752,
      0.5911602209944752,
      0.5966850828729282,
      0.5966850828729282,
      0.6077348066298343,
      0.6077348066298343,
      0.6187845303867403,
      0.6187845303867403,
      0.6243093922651933,
      0.6243093922651933,
      0.6298342541436464,
      0.6298342541436464,
      0.6353591160220995,
      0.6353591160220995,
      0.6740331491712708,
      0.6740331491712708,
      0.6795580110497238,
      0.6795580110497238,
      0.6850828729281768,
      0.6850828729281768,
      0.6906077348066298,
      0.6906077348066298,
      0.6961325966850829,
      0.6961325966850829,
      0.7237569060773481,
      0.7237569060773481,
      0.7292817679558011,
      0.7292817679558011,
      0.7348066298342542,
      0.7348066298342542,
      0.7403314917127072,
      0.7403314917127072,
      0.7458563535911602,
      0.7458563535911602,
      0.7679558011049724,
      0.7679558011049724,
      0.7734806629834254,
      0.7734806629834254,
      0.7845303867403315,
      0.7845303867403315,
      0.7900552486187845,
      0.7900552486187845,
      0.8011049723756906,
      0.8011049723756906,
      0.8121546961325967,
      0.8121546961325967,
      0.8176795580110497,
      0.8176795580110497,
      0.8232044198895028,
      0.8232044198895028,
      0.856353591160221,
      0.856353591160221,
      0.8674033149171271,
      0.8674033149171271,
      0.8839779005524862,
      0.8839779005524862,
      0.9060773480662984,
      0.9060773480662984,
      0.9116022099447514,
      0.9116022099447514,
      0.9281767955801105,
      0.9281767955801105,
      0.9337016574585635,
      0.9337016574585635,
      0.9392265193370166,
      0.9392265193370166,
      0.9613259668508287,
      0.9613259668508287,
      0.9668508287292817,
      0.9668508287292817,
      1.0,
      1.0
    ],