{
  "overall_accuracy": 0.5519125683060109,
  "macro_precision": 0.730660274569623,
  "macro_recall": 0.5316679132385939,
  "macro_f1": 0.41309449311639546,
  "weighted_precision": 0.7222486178042765,
  "weighted_recall": 0.5519125683060109,
  "weighted_f1": 0.42557252234692267,
  "per_class": {
    "Kidney_stone": {
      "precision": 0.9230769230769231,
      "recall": 0.06857142857142857,
      "f1_score": 0.1276595744680851,
      "support": 175
    },
    "Normal": {
      "precision": 0.5382436260623229,
      "recall": 0.9947643979057592,
      "f1_score": 0.6985294117647058,
      "support": 191
    }
  },
  "confusion_matrix": [
    [
      12,
      163
    ],
    [
      1,
      190
    ]
  ],
  "specificity": 0.06857142857142857,
  "specificity_for_positive_class_index": 0,
  "roc_curve": {
    "fpr": [
      0.0,
      0.0,
      0.0,
      0.005235602094240838,
      0.005235602094240838,
      0.010471204188481676,
      0.010471204188481676,
      0.015706806282722512,
      0.015706806282722512,
      0.020942408376963352,
      0.020942408376963352,
      0.04712041884816754,
      0.04712041884816754,
      0.05235602094240838,
      0.05235602094240838,
      0.05759162303664921,
      0.05759162303664921,
      0.06282722513089005,
      0.06282722513089005,
      0.06806282722513089,
      0.06806282722513089,
      0.07853403141361257,
      0.07853403141361257,
      0.08376963350785341,
      0.08376963350785341,
      0.09424083769633508,
      0.09424083769633508,
      0.11518324607329843,
      0.11518324607329843,
      0.12041884816753927,
      0.12041884816753927,
      0.13089005235602094,
      0.13089005235602094,
      0.14659685863874344,
      0.14659685863874344,
      0.16230366492146597,
      0.16230366492146597,
      0.16753926701570682,
      0.16753926701570682,
      0.17277486910994763,
      0.17277486910994763,
      0.18324607329842932,
      0.18324607329842932,
      0.20418848167539266,
      0.20418848167539266,
      0.23036649214659685,
      0.23036649214659685,
      0.24083769633507854,
      0.24083769633507854,
      0.24607329842931938,
      0.24607329842931938,
      0.2670157068062827,
      0.2670157068062827,
      0.28272251308900526,
      0.28272251308900526,
      0.2879581151832461,
      0.2879581151832461,
      0.29842931937172773,
      0.29842931937172773,
      0.3036649214659686,
      0.3036649214659686,
      0.3193717277486911,
      0.3193717277486911,
      0.3507853403141361,
      0.3507853403141361,
      0.35602094240837695,
      0.35602094240837695,
      0.3612565445026178,
      0.3612565445026178,
      0.3717277486910995,
      0.3717277486910995,
      0.387434554973822,
      0.387434554973822,
      0.39790575916230364,
      0.39790575916230364,
      0.4083769633507853,
      0.4083769633507853,
      0.4293193717277487,
      0.4293193717277487,
      0.44502617801047123,
      0.44502617801047123,
      0.45549738219895286,
      0.45549738219895286,
      0.4712041884816754,
      0.4712041884816754,
      0.49214659685863876,
      0.49214659685863876,
      0.5026178010471204,
      0.5026178010471204,
      0.5392670157068062,
      0.5392670157068062,
      0.5497382198952879,
      0.5497382198952879,
      0.5549738219895288,
      0.5549738219895288,
      0.5602094240837696,
      0.5602094240837696,
      0.5654450261780105,
      0.5654450261780105,
      0.5759162303664922,
      0.5759162303664922,
      0.5863874345549738,
      0.5863874345549738,
      0.5916230366492147,
      0.5916230366492147,
      0.5968586387434555,
      0.5968586387434555,
      0.6020942408376964,
      0.6020942408376964,
      0.6387434554973822,
      0.6387434554973822,
      0.643979057591623,
      0.643979057591623,
      0.6492146596858639,
      0.6492146596858639,
      0.6544502617801047,
      0.6544502617801047,
      0.6596858638743456,
      0.6596858638743456,
      0.6858638743455497,
      0.6858638743455497,
      0.6910994764397905,
      0.6910994764397905,
      0.6963350785340314,
      0.6963350785340314,
      0.7015706806282722,
      0.7015706806282722,
      0.7068062827225131,
      0.7068062827225131,
      0.7277486910994765,
      0.7277486910994765,
      0.7329842931937173,
      0.7329842931937173,
      0.743455497382199,
      0.743455497382199,
      0.7486910994764397,
      0.7486910994764397,
      0.7591623036649214,
      0.7591623036649214,
      0.7696335078534031,
      0.7696335078534031,
      0.774869109947644,
      0.774869109947644,
      0.7801047120418848,
      0.7801047120418848,
      0.8115183246073299,
      0.8115183246073299,
      0.8219895287958116,
      0.8219895287958116,
      0.837696335078534,
      0.837696335078534,
      0.8586387434554974,
      0.8586387434554974,
      0.8638743455497382,
      0.8638743455497382,
      0.8795811518324608,
      0.8795811518324608,
      0.8848167539267016,
      0.8848167539267016,
      0.8900523560209425,
      0.8900523560209425,
      0.9109947643979057,
      0.9109947643979057,
      0.9162303664921466,
      0.9162303664921466,
      0.9476439790575916,
      0.9476439790575916,
      0.9476439790575916,
      1.0
    ],